split,source,body,label,states,optimal,mean_regret,mean_advantage,hold_choices,brake_choices,push_choices
development,parent,simple,student,16,8,0.00018143653869628906,0.0017733275890350342,1,5,10
development,parent,hevlm,student,16,11,0.0018872767686843872,0.0005220100283622742,0,14,2
development,parent,simple,refit-parent,16,12,9.614229202270508e-05,0.0018586218357086182,1,4,11
development,parent,hevlm,refit-parent,16,13,0.0009849220514297485,0.0014243647456169128,0,10,6
development,parent,simple,refit-self,16,9,0.0002967417240142822,0.001658022403717041,4,2,10
development,parent,hevlm,refit-self,16,7,0.001620650291442871,0.0007886365056037903,2,4,10
development,parent,simple,hold,16,4,0.0019547641277313232,0.0,16,0,0
development,parent,hevlm,hold,16,0,0.0024092867970466614,0.0,16,0,0
development,parent,simple,brake,16,5,0.0034899264574050903,-0.001535162329673767,0,16,0
development,parent,hevlm,brake,16,11,0.002989038825035095,-0.0005797520279884338,0,16,0
development,parent,simple,push,16,11,0.0005558282136917114,0.0013989359140396118,0,0,16
development,parent,hevlm,push,16,5,0.001965545117855072,0.00044374167919158936,0,0,16
development,student,simple,student,16,7,0.00024944543838500977,0.0015186816453933716,2,5,9
development,student,hevlm,student,16,4,0.001905590295791626,-0.0004091039299964905,1,13,2
development,student,simple,refit-parent,16,13,4.912912845611572e-05,0.0017189979553222656,0,2,14
development,student,hevlm,refit-parent,16,14,0.0006139278411865234,0.0008825585246086121,0,2,14
development,student,simple,refit-self,16,10,0.00015750527381896973,0.0016106218099594116,3,3,10
development,student,hevlm,refit-self,16,14,0.0006139278411865234,0.0008825585246086121,0,2,14
development,student,simple,hold,16,4,0.0017681270837783813,0.0,16,0,0
development,student,hevlm,hold,16,3,0.0014964863657951355,0.0,16,0,0
development,student,simple,brake,16,5,0.003583073616027832,-0.0018149465322494507,0,16,0
development,student,hevlm,brake,16,4,0.003007352352142334,-0.0015108659863471985,0,16,0
development,student,simple,push,16,11,9.463727474212646e-05,0.0016734898090362549,0,0,16
development,student,hevlm,push,16,12,0.0006172358989715576,0.0008792504668235779,0,0,16
evaluation,student,simple,student,16,13,0.00032742321491241455,0.0016814321279525757,0,5,11
evaluation,student,hevlm,student,16,5,0.0011498257517814636,0.000730462372303009,0,14,2
evaluation,student,simple,refit-parent,16,7,0.0002947300672531128,0.0017141252756118774,3,3,10
evaluation,student,hevlm,refit-parent,16,12,3.890693187713623e-05,0.0018413811922073364,0,2,14
evaluation,student,simple,refit-self,16,10,0.0002168715000152588,0.0017919838428497314,2,4,10
evaluation,student,hevlm,refit-self,16,12,3.890693187713623e-05,0.0018413811922073364,0,2,14
evaluation,student,simple,hold,16,4,0.0020088553428649902,0.0,16,0,0
evaluation,student,hevlm,hold,16,4,0.0018802881240844727,0.0,16,0,0
evaluation,student,simple,brake,16,5,0.0036816447973251343,-0.001672789454460144,0,16,0
evaluation,student,hevlm,brake,16,3,0.0038487091660499573,-0.0019684210419654846,0,16,0
evaluation,student,simple,push,16,10,0.0003799349069595337,0.0016289204359054565,0,0,16
evaluation,student,hevlm,push,16,12,4.0784478187561035e-05,0.0018395036458969116,0,0,16
