body,seed,arm,final_heldout,first_divergence_vs_student,first_action,student_action,first_before_loss_equal,first_pre_chuck_equal,first_features_equal,first_observation_equal,first_dampening_floor,early128_legacy,early128_hold,early128_brake,early128_push,all512_legacy,all512_hold,all512_brake,all512_push
simple,1013,canonical,2.50756502,1,0,3,True,True,,,,128,0,0,0,512,0,0,0
simple,1013,hold,2.57181811,1,1,3,True,True,,,,0,128,0,0,0,512,0,0
simple,1013,push,2.49165535,37,3,2,True,True,,,,0,0,0,128,0,0,0,512
simple,1013,student,2.58611774,,,,,,,,260,0,0,33,95,0,110,288,114
simple,1013,refit-parent,2.58488512,37,3,2,True,True,True,True,288,0,34,23,71,0,35,351,126
simple,1013,refit-self,2.6076262,37,3,2,True,True,True,True,194,0,49,9,70,0,61,381,70
simple,1217,canonical,2.52432513,1,0,3,True,True,,,,128,0,0,0,512,0,0,0
simple,1217,hold,2.57725716,1,1,3,True,True,,,,0,128,0,0,0,512,0,0
simple,1217,push,2.52897191,29,3,2,True,True,,,,0,0,0,128,0,0,0,512
simple,1217,student,2.58628678,,,,,,,,236,0,0,39,89,0,122,296,94
simple,1217,refit-parent,2.57601786,29,3,2,True,True,True,True,283,0,35,18,75,0,43,343,126
simple,1217,refit-self,2.58855104,29,3,2,True,True,True,True,198,0,48,4,76,0,59,377,76
hevlm,1013,canonical,1.57190084,1,0,3,True,True,,,,128,0,0,0,512,0,0,0
hevlm,1013,hold,1.57658267,1,1,3,True,True,,,,0,128,0,0,0,512,0,0
hevlm,1013,push,1.57234776,3,3,2,True,True,,,,0,0,0,128,0,0,0,512
hevlm,1013,student,1.58259857,,,,,,,,55,0,1,120,7,0,36,469,7
hevlm,1013,refit-parent,1.57894039,3,3,2,True,True,True,True,127,0,7,75,46,0,7,459,46
hevlm,1013,refit-self,1.5781194,3,3,2,True,True,True,True,163,0,37,28,63,0,37,412,63
hevlm,1217,canonical,1.56940532,1,0,3,True,True,,,,128,0,0,0,512,0,0,0
hevlm,1217,hold,1.555632,1,1,3,True,True,,,,0,128,0,0,0,512,0,0
hevlm,1217,push,1.58516204,3,3,2,True,True,,,,0,0,0,128,0,0,0,512
hevlm,1217,student,1.58714998,,,,,,,,56,0,7,115,6,0,37,469,6
hevlm,1217,refit-parent,1.57969737,3,3,2,True,True,True,True,144,0,5,70,53,0,5,454,53
hevlm,1217,refit-self,1.5807997,3,3,2,True,True,True,True,162,0,33,29,66,0,33,413,66
