body,seed,arm,resume_step,evaluation_step,heldout_loss,final_legacy_count,final_hold_count,final_brake_count,final_push_count,final_history_updates,frozen_weights_unchanged,seconds,max_rss_kib,prefix
simple,701,canonical,0,0,5.39401102,512,0,0,0,0,False,15.6088722,87116,rollouts/simple-s701-canonical
simple,701,canonical,0,128,2.79970241,512,0,0,0,0,False,15.6088722,87116,rollouts/simple-s701-canonical
simple,701,canonical,0,256,2.70925927,512,0,0,0,0,False,15.6088722,87116,rollouts/simple-s701-canonical
simple,701,canonical,0,384,2.61173582,512,0,0,0,0,False,15.6088722,87116,rollouts/simple-s701-canonical
simple,701,canonical,0,512,2.55249667,512,0,0,0,0,False,15.6088722,87116,rollouts/simple-s701-canonical
simple,701,hold,0,0,5.39401102,0,512,0,0,0,False,15.3645859,87116,rollouts/simple-s701-hold
simple,701,hold,0,128,2.84824896,0,512,0,0,0,False,15.3645859,87116,rollouts/simple-s701-hold
simple,701,hold,0,256,2.74972773,0,512,0,0,0,False,15.3645859,87116,rollouts/simple-s701-hold
simple,701,hold,0,384,2.65939951,0,512,0,0,0,False,15.3645859,87116,rollouts/simple-s701-hold
simple,701,hold,0,512,2.60917759,0,512,0,0,0,False,15.3645859,87116,rollouts/simple-s701-hold
simple,701,push,0,0,5.39401102,0,0,0,512,0,False,16.4519272,87116,rollouts/simple-s701-push
simple,701,push,0,128,2.79919839,0,0,0,512,0,False,16.4519272,87116,rollouts/simple-s701-push
simple,701,push,0,256,2.6973567,0,0,0,512,0,False,16.4519272,87116,rollouts/simple-s701-push
simple,701,push,0,384,2.62078285,0,0,0,512,0,False,16.4519272,87116,rollouts/simple-s701-push
simple,701,push,0,512,2.54636097,0,0,0,512,0,False,16.4519272,87116,rollouts/simple-s701-push
simple,701,parent,0,0,5.39401102,0,48,326,138,512,True,16.4225337,87116,rollouts/simple-s701-parent
simple,701,parent,0,128,2.79516697,0,48,326,138,512,True,16.4225337,87116,rollouts/simple-s701-parent
simple,701,parent,0,256,2.68948913,0,48,326,138,512,True,16.4225337,87116,rollouts/simple-s701-parent
simple,701,parent,0,384,2.64527082,0,48,326,138,512,True,16.4225337,87116,rollouts/simple-s701-parent
simple,701,parent,0,512,2.61984873,0,48,326,138,512,True,16.4225337,87116,rollouts/simple-s701-parent
simple,701,lived-hold,0,0,5.39401102,0,123,339,50,512,True,15.9550128,87116,rollouts/simple-s701-lived-hold
simple,701,lived-hold,0,128,2.96921682,0,123,339,50,512,True,15.9550128,87116,rollouts/simple-s701-lived-hold
simple,701,lived-hold,0,256,2.84120107,0,123,339,50,512,True,15.9550128,87116,rollouts/simple-s701-lived-hold
simple,701,lived-hold,0,384,2.76410317,0,123,339,50,512,True,15.9550128,87116,rollouts/simple-s701-lived-hold
simple,701,lived-hold,0,512,2.70259333,0,123,339,50,512,True,15.9550128,87116,rollouts/simple-s701-lived-hold
simple,701,lived-policy,0,0,5.39401102,0,135,271,106,512,True,15.9555271,87116,rollouts/simple-s701-lived-policy
simple,701,lived-policy,0,128,2.79574537,0,135,271,106,512,True,15.9555271,87116,rollouts/simple-s701-lived-policy
simple,701,lived-policy,0,256,2.70808482,0,135,271,106,512,True,15.9555271,87116,rollouts/simple-s701-lived-policy
simple,701,lived-policy,0,384,2.66615891,0,135,271,106,512,True,15.9555271,87116,rollouts/simple-s701-lived-policy
simple,701,lived-policy,0,512,2.6376853,0,135,271,106,512,True,15.9555271,87116,rollouts/simple-s701-lived-policy
simple,701,lived-policy,256,0,5.39401102,0,135,271,106,512,True,16.2377631,87116,rollouts/simple-s701-lived-policy-resume
simple,701,lived-policy,256,128,2.79574537,0,135,271,106,512,True,16.2377631,87116,rollouts/simple-s701-lived-policy-resume
simple,701,lived-policy,256,256,2.70808482,0,135,271,106,512,True,16.2377631,87116,rollouts/simple-s701-lived-policy-resume
simple,701,lived-policy,256,384,2.66615891,0,135,271,106,512,True,16.2377631,87116,rollouts/simple-s701-lived-policy-resume
simple,701,lived-policy,256,512,2.6376853,0,135,271,106,512,True,16.2377631,87116,rollouts/simple-s701-lived-policy-resume
simple,907,canonical,0,0,4.80970669,512,0,0,0,0,False,16.2066532,87116,rollouts/simple-s907-canonical
simple,907,canonical,0,128,2.84187555,512,0,0,0,0,False,16.2066532,87116,rollouts/simple-s907-canonical
simple,907,canonical,0,256,2.6716373,512,0,0,0,0,False,16.2066532,87116,rollouts/simple-s907-canonical
simple,907,canonical,0,384,2.59160304,512,0,0,0,0,False,16.2066532,87116,rollouts/simple-s907-canonical
simple,907,canonical,0,512,2.54698443,512,0,0,0,0,False,16.2066532,87116,rollouts/simple-s907-canonical
simple,907,hold,0,0,4.80970669,0,512,0,0,0,False,15.52355,87116,rollouts/simple-s907-hold
simple,907,hold,0,128,2.85071349,0,512,0,0,0,False,15.52355,87116,rollouts/simple-s907-hold
simple,907,hold,0,256,2.71855664,0,512,0,0,0,False,15.52355,87116,rollouts/simple-s907-hold
simple,907,hold,0,384,2.64145327,0,512,0,0,0,False,15.52355,87116,rollouts/simple-s907-hold
simple,907,hold,0,512,2.59399152,0,512,0,0,0,False,15.52355,87116,rollouts/simple-s907-hold
simple,907,push,0,0,4.80970669,0,0,0,512,0,False,15.8783911,87116,rollouts/simple-s907-push
simple,907,push,0,128,2.83342838,0,0,0,512,0,False,15.8783911,87116,rollouts/simple-s907-push
simple,907,push,0,256,2.67021084,0,0,0,512,0,False,15.8783911,87116,rollouts/simple-s907-push
simple,907,push,0,384,2.57451749,0,0,0,512,0,False,15.8783911,87116,rollouts/simple-s907-push
simple,907,push,0,512,2.55647969,0,0,0,512,0,False,15.8783911,87116,rollouts/simple-s907-push
simple,907,parent,0,0,4.80970669,0,32,330,150,512,True,16.2847972,87116,rollouts/simple-s907-parent
simple,907,parent,0,128,2.82805848,0,32,330,150,512,True,16.2847972,87116,rollouts/simple-s907-parent
simple,907,parent,0,256,2.6837647,0,32,330,150,512,True,16.2847972,87116,rollouts/simple-s907-parent
simple,907,parent,0,384,2.63753414,0,32,330,150,512,True,16.2847972,87116,rollouts/simple-s907-parent
simple,907,parent,0,512,2.59760356,0,32,330,150,512,True,16.2847972,87116,rollouts/simple-s907-parent
simple,907,lived-hold,0,0,4.80970669,0,131,312,69,512,True,16.2076751,87116,rollouts/simple-s907-lived-hold
simple,907,lived-hold,0,128,2.87239981,0,131,312,69,512,True,16.2076751,87116,rollouts/simple-s907-lived-hold
simple,907,lived-hold,0,256,2.77983451,0,131,312,69,512,True,16.2076751,87116,rollouts/simple-s907-lived-hold
simple,907,lived-hold,0,384,2.73057938,0,131,312,69,512,True,16.2076751,87116,rollouts/simple-s907-lived-hold
simple,907,lived-hold,0,512,2.70563793,0,131,312,69,512,True,16.2076751,87116,rollouts/simple-s907-lived-hold
simple,907,lived-policy,0,0,4.80970669,0,121,275,116,512,True,16.2603311,90144,rollouts/simple-s907-lived-policy
simple,907,lived-policy,0,128,2.82982755,0,121,275,116,512,True,16.2603311,90144,rollouts/simple-s907-lived-policy
simple,907,lived-policy,0,256,2.69538426,0,121,275,116,512,True,16.2603311,90144,rollouts/simple-s907-lived-policy
simple,907,lived-policy,0,384,2.66457224,0,121,275,116,512,True,16.2603311,90144,rollouts/simple-s907-lived-policy
simple,907,lived-policy,0,512,2.62439394,0,121,275,116,512,True,16.2603311,90144,rollouts/simple-s907-lived-policy
simple,907,lived-policy,256,0,4.80970669,0,121,275,116,512,True,16.0867504,94752,rollouts/simple-s907-lived-policy-resume
simple,907,lived-policy,256,128,2.82982755,0,121,275,116,512,True,16.0867504,94752,rollouts/simple-s907-lived-policy-resume
simple,907,lived-policy,256,256,2.69538426,0,121,275,116,512,True,16.0867504,94752,rollouts/simple-s907-lived-policy-resume
simple,907,lived-policy,256,384,2.66457224,0,121,275,116,512,True,16.0867504,94752,rollouts/simple-s907-lived-policy-resume
simple,907,lived-policy,256,512,2.62439394,0,121,275,116,512,True,16.0867504,94752,rollouts/simple-s907-lived-policy-resume
hevlm,701,canonical,0,0,6.18497992,512,0,0,0,0,False,34.8896707,94752,rollouts/hevlm-s701-canonical
hevlm,701,canonical,0,128,1.6110332,512,0,0,0,0,False,34.8896707,94752,rollouts/hevlm-s701-canonical
hevlm,701,canonical,0,256,1.64422512,512,0,0,0,0,False,34.8896707,94752,rollouts/hevlm-s701-canonical
hevlm,701,canonical,0,384,1.59823203,512,0,0,0,0,False,34.8896707,94752,rollouts/hevlm-s701-canonical
hevlm,701,canonical,0,512,1.59340107,512,0,0,0,0,False,34.8896707,94752,rollouts/hevlm-s701-canonical
hevlm,701,hold,0,0,6.18497992,0,512,0,0,0,False,34.6150944,101792,rollouts/hevlm-s701-hold
hevlm,701,hold,0,128,1.60762882,0,512,0,0,0,False,34.6150944,101792,rollouts/hevlm-s701-hold
hevlm,701,hold,0,256,1.62436867,0,512,0,0,0,False,34.6150944,101792,rollouts/hevlm-s701-hold
hevlm,701,hold,0,384,1.58007956,0,512,0,0,0,False,34.6150944,101792,rollouts/hevlm-s701-hold
hevlm,701,hold,0,512,1.55677295,0,512,0,0,0,False,34.6150944,101792,rollouts/hevlm-s701-hold
hevlm,701,push,0,0,6.18497992,0,0,0,512,0,False,35.3149794,101792,rollouts/hevlm-s701-push
hevlm,701,push,0,128,1.60689855,0,0,0,512,0,False,35.3149794,101792,rollouts/hevlm-s701-push
hevlm,701,push,0,256,1.6139195,0,0,0,512,0,False,35.3149794,101792,rollouts/hevlm-s701-push
hevlm,701,push,0,384,1.5949012,0,0,0,512,0,False,35.3149794,101792,rollouts/hevlm-s701-push
hevlm,701,push,0,512,1.56599045,0,0,0,512,0,False,35.3149794,101792,rollouts/hevlm-s701-push
hevlm,701,parent,0,0,6.18497992,0,38,396,78,512,True,36.4407106,101792,rollouts/hevlm-s701-parent
hevlm,701,parent,0,128,1.59147441,0,38,396,78,512,True,36.4407106,101792,rollouts/hevlm-s701-parent
hevlm,701,parent,0,256,1.57696891,0,38,396,78,512,True,36.4407106,101792,rollouts/hevlm-s701-parent
hevlm,701,parent,0,384,1.57403994,0,38,396,78,512,True,36.4407106,101792,rollouts/hevlm-s701-parent
hevlm,701,parent,0,512,1.56524408,0,38,396,78,512,True,36.4407106,101792,rollouts/hevlm-s701-parent
hevlm,701,lived-hold,0,0,6.18497992,0,14,497,1,512,True,35.3590024,101792,rollouts/hevlm-s701-lived-hold
hevlm,701,lived-hold,0,128,1.6868875,0,14,497,1,512,True,35.3590024,101792,rollouts/hevlm-s701-lived-hold
hevlm,701,lived-hold,0,256,1.62639809,0,14,497,1,512,True,35.3590024,101792,rollouts/hevlm-s701-lived-hold
hevlm,701,lived-hold,0,384,1.58964932,0,14,497,1,512,True,35.3590024,101792,rollouts/hevlm-s701-lived-hold
hevlm,701,lived-hold,0,512,1.56944704,0,14,497,1,512,True,35.3590024,101792,rollouts/hevlm-s701-lived-hold
hevlm,701,lived-policy,0,0,6.18497992,0,45,458,9,512,True,28.6644334,102304,rollouts/hevlm-s701-lived-policy
hevlm,701,lived-policy,0,128,1.6316973,0,45,458,9,512,True,28.6644334,102304,rollouts/hevlm-s701-lived-policy
hevlm,701,lived-policy,0,256,1.61387277,0,45,458,9,512,True,28.6644334,102304,rollouts/hevlm-s701-lived-policy
hevlm,701,lived-policy,0,384,1.58749259,0,45,458,9,512,True,28.6644334,102304,rollouts/hevlm-s701-lived-policy
hevlm,701,lived-policy,0,512,1.56889033,0,45,458,9,512,True,28.6644334,102304,rollouts/hevlm-s701-lived-policy
hevlm,701,lived-policy,256,0,6.18497992,0,45,458,9,512,True,27.5405729,119840,rollouts/hevlm-s701-lived-policy-resume
hevlm,701,lived-policy,256,128,1.6316973,0,45,458,9,512,True,27.5405729,119840,rollouts/hevlm-s701-lived-policy-resume
hevlm,701,lived-policy,256,256,1.61387277,0,45,458,9,512,True,27.5405729,119840,rollouts/hevlm-s701-lived-policy-resume
hevlm,701,lived-policy,256,384,1.58749259,0,45,458,9,512,True,27.5405729,119840,rollouts/hevlm-s701-lived-policy-resume
hevlm,701,lived-policy,256,512,1.56889033,0,45,458,9,512,True,27.5405729,119840,rollouts/hevlm-s701-lived-policy-resume
hevlm,907,canonical,0,0,5.85194111,512,0,0,0,0,False,27.7647572,119840,rollouts/hevlm-s907-canonical
hevlm,907,canonical,0,128,1.672508,512,0,0,0,0,False,27.7647572,119840,rollouts/hevlm-s907-canonical
hevlm,907,canonical,0,256,1.6117748,512,0,0,0,0,False,27.7647572,119840,rollouts/hevlm-s907-canonical
hevlm,907,canonical,0,384,1.58104205,512,0,0,0,0,False,27.7647572,119840,rollouts/hevlm-s907-canonical
hevlm,907,canonical,0,512,1.5716759,512,0,0,0,0,False,27.7647572,119840,rollouts/hevlm-s907-canonical
hevlm,907,hold,0,0,5.85194111,0,512,0,0,0,False,28.3281703,119840,rollouts/hevlm-s907-hold
hevlm,907,hold,0,128,1.67163527,0,512,0,0,0,False,28.3281703,119840,rollouts/hevlm-s907-hold
hevlm,907,hold,0,256,1.60054016,0,512,0,0,0,False,28.3281703,119840,rollouts/hevlm-s907-hold
hevlm,907,hold,0,384,1.59157968,0,512,0,0,0,False,28.3281703,119840,rollouts/hevlm-s907-hold
hevlm,907,hold,0,512,1.55485332,0,512,0,0,0,False,28.3281703,119840,rollouts/hevlm-s907-hold
hevlm,907,push,0,0,5.85194111,0,0,0,512,0,False,28.1483395,119840,rollouts/hevlm-s907-push
hevlm,907,push,0,128,1.6865344,0,0,0,512,0,False,28.1483395,119840,rollouts/hevlm-s907-push
hevlm,907,push,0,256,1.60345089,0,0,0,512,0,False,28.1483395,119840,rollouts/hevlm-s907-push
hevlm,907,push,0,384,1.59459662,0,0,0,512,0,False,28.1483395,119840,rollouts/hevlm-s907-push
hevlm,907,push,0,512,1.56948733,0,0,0,512,0,False,28.1483395,119840,rollouts/hevlm-s907-push
hevlm,907,parent,0,0,5.85194111,0,40,390,82,512,True,27.9747859,119840,rollouts/hevlm-s907-parent
hevlm,907,parent,0,128,1.6514926,0,40,390,82,512,True,27.9747859,119840,rollouts/hevlm-s907-parent
hevlm,907,parent,0,256,1.58144128,0,40,390,82,512,True,27.9747859,119840,rollouts/hevlm-s907-parent
hevlm,907,parent,0,384,1.59586239,0,40,390,82,512,True,27.9747859,119840,rollouts/hevlm-s907-parent
hevlm,907,parent,0,512,1.57769823,0,40,390,82,512,True,27.9747859,119840,rollouts/hevlm-s907-parent
hevlm,907,lived-hold,0,0,5.85194111,0,19,492,1,512,True,28.2056231,119840,rollouts/hevlm-s907-lived-hold
hevlm,907,lived-hold,0,128,1.72053599,0,19,492,1,512,True,28.2056231,119840,rollouts/hevlm-s907-lived-hold
hevlm,907,lived-hold,0,256,1.62777591,0,19,492,1,512,True,28.2056231,119840,rollouts/hevlm-s907-lived-hold
hevlm,907,lived-hold,0,384,1.61483514,0,19,492,1,512,True,28.2056231,119840,rollouts/hevlm-s907-lived-hold
hevlm,907,lived-hold,0,512,1.58197331,0,19,492,1,512,True,28.2056231,119840,rollouts/hevlm-s907-lived-hold
hevlm,907,lived-policy,0,0,5.85194111,0,49,453,10,512,True,27.9742288,119840,rollouts/hevlm-s907-lived-policy
hevlm,907,lived-policy,0,128,1.68515742,0,49,453,10,512,True,27.9742288,119840,rollouts/hevlm-s907-lived-policy
hevlm,907,lived-policy,0,256,1.62307084,0,49,453,10,512,True,27.9742288,119840,rollouts/hevlm-s907-lived-policy
hevlm,907,lived-policy,0,384,1.61716831,0,49,453,10,512,True,27.9742288,119840,rollouts/hevlm-s907-lived-policy
hevlm,907,lived-policy,0,512,1.58368015,0,49,453,10,512,True,27.9742288,119840,rollouts/hevlm-s907-lived-policy
hevlm,907,lived-policy,256,0,5.85194111,0,49,453,10,512,True,28.5081783,128544,rollouts/hevlm-s907-lived-policy-resume
hevlm,907,lived-policy,256,128,1.68515742,0,49,453,10,512,True,28.5081783,128544,rollouts/hevlm-s907-lived-policy-resume
hevlm,907,lived-policy,256,256,1.62307084,0,49,453,10,512,True,28.5081783,128544,rollouts/hevlm-s907-lived-policy-resume
hevlm,907,lived-policy,256,384,1.61716831,0,49,453,10,512,True,28.5081783,128544,rollouts/hevlm-s907-lived-policy-resume
hevlm,907,lived-policy,256,512,1.58368015,0,49,453,10,512,True,28.5081783,128544,rollouts/hevlm-s907-lived-policy-resume
